ipo_year,ckpt_year,model,n,R2_oos_%,dir_hit_%,cum_sign_%,IC,T3-T1_%,blowup_%
2009,-,baseline:zero,39,0.0,,,,,0.0
2009,-,baseline:momentum,39,-10.555984403517726,49.23076923076923,35.8974358974359,-0.3619433198380567,-16.864775218581645,0.0
2009,-,baseline:reversal,39,-5.289280851831535,50.76923076923077,64.1025641025641,0.3619433198380567,16.864775218581645,0.0
2009,2008,TimesFM_20M_Global,39,-18.884729073398333,50.256410256410255,33.33333333333333,-0.44129554655870445,-22.017803455005865,0.0
2009,2008,TimesFM_20M_US,39,-17.55484522640709,49.65811965811966,51.28205128205128,-0.2680161943319838,-9.359326996965459,0.0
2009,2008,TimesFM_20M_Augmented,39,-36.377072486332395,50.51282051282051,41.02564102564102,-0.31133603238866403,-12.984728945347735,0.0
2009,2008,Chronos_Small_Global,39,-1.429626475547785,50.76923076923077,33.33333333333333,-0.15789473684210525,-1.0936156090977005,0.0
2009,2008,Chronos_Small_US,39,-1.3828091004111753,51.02564102564102,33.33333333333333,-0.012550607287449392,1.337108785183136,0.0
2009,2008,Chronos_Small_Augmented,39,-0.4277675145269777,48.8034188034188,38.46153846153847,-0.154251012145749,-1.3398670809495694,0.0
2010,-,baseline:zero,47,0.0,,,,,0.0
2010,-,baseline:momentum,47,-9.595989084425183,50.070921985815595,44.680851063829785,0.014338575393154489,-1.7800765068218685,0.0
2010,-,baseline:reversal,47,-9.029742235025484,49.9290780141844,55.319148936170215,-0.014338575393154489,1.7800765068218685,0.0
2010,2009,TimesFM_20M_Global,47,-135.84074990029399,50.070921985815595,42.5531914893617,-0.10187326549491212,-2.4060187032519096,0.0
2010,2009,TimesFM_20M_US,47,-19.492257706415607,46.38297872340426,44.680851063829785,-0.004740980573543016,-2.999148289873109,0.0
2010,2009,TimesFM_20M_Augmented,47,-11.85564600636515,51.77304964539007,51.06382978723404,-0.04209065679925994,-0.2236242841323569,0.0
2010,2009,Chronos_Small_Global,47,-25.273996477549822,47.94326241134752,61.702127659574465,-0.053422756706753005,-1.8130439079340723,0.0
2010,2009,Chronos_Small_US,47,-0.8985263042327496,46.87943262411348,59.57446808510638,0.132631822386679,4.654225745685453,0.0
2010,2009,Chronos_Small_Augmented,47,-35.5012087370117,46.52482269503546,57.446808510638306,0.07215541165587419,3.908630421084131,0.0
2011,-,baseline:zero,84,0.0,,,,,0.0
2011,-,baseline:momentum,84,-6.111734909716704,50.95238095238095,46.42857142857143,-0.00686443251999595,2.429453124366117,0.0
2011,-,baseline:reversal,84,-8.094908573921167,49.047619047619044,53.57142857142857,0.00686443251999595,-2.429453124366117,0.0
2011,2010,TimesFM_20M_Global,84,-10.964646915111498,52.5,46.42857142857143,0.057568087475954245,6.4496130527832225,0.0
2011,2010,TimesFM_20M_US,84,-18.928229262565942,48.92857142857142,41.66666666666667,-0.071094461881138,-2.512457397080553,0.0
2011,2010,TimesFM_20M_Augmented,84,-17.143596442192877,53.45238095238095,53.57142857142857,-0.01089399615267794,-0.4562555339510268,0.0
2011,2010,Chronos_Small_Global,84,-32.28602609247591,48.769841269841265,53.57142857142857,-0.03946542472410652,-3.516779710435481,0.0
2011,2010,Chronos_Small_US,84,-0.662324444503648,49.2063492063492,55.952380952380956,0.07168168472208161,4.586161300449546,0.0
2011,2010,Chronos_Small_Augmented,84,-7.452603613249353,47.3015873015873,53.57142857142857,0.15168573453477777,5.297616345632112,0.0
2012,-,baseline:zero,61,0.0,,,,,0.0
2012,-,baseline:momentum,61,-11.26074232634371,50.05464480874316,47.540983606557376,-0.0015335801163405603,1.0240438037267774,0.0
2012,-,baseline:reversal,61,-11.573671227586924,49.94535519125683,52.459016393442624,0.0015335801163405603,-1.0240438037267774,0.0
2012,2011,TimesFM_20M_Global,61,-27.723710153389945,50.81967213114754,50.81967213114754,0.11115811739820199,4.345479753646569,0.0
2012,2011,TimesFM_20M_US,61,-29.590858132794494,47.868852459016395,40.98360655737705,-0.13305129561078793,-1.0148125648738366,0.0
2012,2011,TimesFM_20M_Augmented,61,-12.977314438216968,51.31147540983606,52.459016393442624,0.031200423056583812,2.567605174093923,0.0
2012,2011,Chronos_Small_Global,61,-7.256959076467107,51.09289617486339,55.73770491803278,0.18857747223691165,7.175701696940692,0.0
2012,2011,Chronos_Small_US,61,-0.6859022531542358,48.08743169398907,59.01639344262295,0.0372818614489688,2.3715011719313206,0.0
2012,2011,Chronos_Small_Augmented,61,-13.00929748323707,47.48633879781421,54.09836065573771,-0.041618191433104176,-1.107154329399287,0.0
2013,-,baseline:zero,59,0.0,,,,,0.0
2013,-,baseline:momentum,59,-7.77578044892695,47.79661016949153,40.67796610169492,-0.11034482758620691,-1.6535658002477551,0.0
2013,-,baseline:reversal,59,-6.796171843850063,52.20338983050847,59.32203389830508,0.11034482758620691,1.6535658002477551,0.0
2013,2012,TimesFM_20M_Global,59,-149.3889530633047,53.38983050847458,40.67796610169492,-0.14663939216832264,-5.032554689749852,0.0
2013,2012,TimesFM_20M_US,59,-18.73094656835843,48.75706214689266,44.06779661016949,-0.08673290473407365,-1.0518193292330495,0.0
2013,2012,TimesFM_20M_Augmented,59,-10.97990665962094,51.46892655367231,47.45762711864407,-0.10040911747516075,-1.9384768730186221,0.0
2013,2012,Chronos_Small_Global,59,-39.2092189660852,50.16949152542372,50.847457627118644,-0.22612507305669205,-5.43782260239485,0.0
2013,2012,Chronos_Small_US,59,-1.437810868605549,48.4180790960452,57.6271186440678,-0.07118644067796612,0.6844799608867937,0.0
2013,2012,Chronos_Small_Augmented,59,-41.0281935786601,48.55850763143019,52.54237288135594,-0.10748100526008185,-3.2444230983342113,0.0
2014,-,baseline:zero,51,0.0,,,,,0.0
2014,-,baseline:momentum,51,-9.15251948310436,52.28758169934641,49.01960784313725,-0.1062443438914027,-3.8455706326230796,0.0
2014,-,baseline:reversal,51,-6.644813406838734,47.712418300653596,50.98039215686274,0.1062443438914027,3.8455706326230796,0.0
2014,2013,TimesFM_20M_Global,51,-22.572692144190555,49.2156862745098,49.01960784313725,-0.10280542986425338,-6.196480507722252,0.0
2014,2013,TimesFM_20M_US,51,-25.878464570912072,50.98039215686274,43.13725490196079,-0.17683257918552034,-6.152797105810177,0.0
2014,2013,TimesFM_20M_Augmented,51,-14.449385446501495,53.59477124183007,47.05882352941176,-0.054117647058823534,-3.799766791876867,0.0
2014,2013,Chronos_Small_Global,51,-4.537367645603441,47.05882352941176,54.90196078431373,0.1518552036199095,3.076920806247357,0.0
2014,2013,Chronos_Small_US,51,-0.15131818006948183,47.124183006535944,56.86274509803921,0.3212669683257918,12.89455400986591,0.0
2014,2013,Chronos_Small_Augmented,51,-22.372066385561485,48.431372549019606,54.90196078431373,0.19909502262443438,10.716322366777437,0.0
2015,-,baseline:zero,54,0.0,,,,,0.0
2015,-,baseline:momentum,54,-10.498922806581689,51.41975308641975,40.74074074074074,-0.29750333523918426,-12.022738625951373,0.0
2015,-,baseline:reversal,54,-6.111853959107205,48.58024691358025,59.25925925925925,0.29750333523918426,12.022738625951373,0.0
2015,2014,TimesFM_20M_Global,54,-9.91909898587604,50.37037037037037,40.74074074074074,-0.33356203544882784,-12.661375994841102,0.0
2015,2014,TimesFM_20M_US,54,-11.353049575537977,49.876543209876544,42.592592592592595,-0.3555936725748046,-14.23074713721338,0.0
2015,2014,TimesFM_20M_Augmented,54,-12.326291389542288,47.77777777777778,42.592592592592595,-0.30634648370497425,-12.27438635735487,0.0
2015,2014,Chronos_Small_Global,54,-0.39852491016370006,50.061728395061735,50.0,0.08618258052220315,2.2686545784994614,0.0
2015,2014,Chronos_Small_US,54,-0.4142221061099516,50.80246913580246,51.85185185185185,-0.025500285877644364,-3.912636188447393,0.0
2015,2014,Chronos_Small_Augmented,54,-0.06679365796964376,48.641975308641975,50.0,0.10661330283971793,3.6904835467005945,0.0
2016,-,baseline:zero,58,0.0,,,,,0.0
2016,-,baseline:momentum,58,-4.2922942814118015,52.98850574712644,50.0,0.14688240179642562,14.303217540392211,0.0
2016,-,baseline:reversal,58,-11.514333457767712,47.01149425287356,50.0,-0.14688240179642562,-14.303217540392211,0.0
2016,2015,TimesFM_20M_Global,58,-125.94204220528633,52.18390804597701,50.0,0.17099880033221573,12.855187588574235,0.0
2016,2015,TimesFM_20M_US,58,-6.035679921806647,54.82758620689655,46.55172413793103,0.2344889107631733,19.15083065288069,0.0
2016,2015,TimesFM_20M_Augmented,58,-6.90416900332278,50.172413793103445,51.724137931034484,0.06567412101264267,11.266289792773062,0.0
2016,2015,Chronos_Small_Global,58,-9.185675143150117,48.333333333333336,56.896551724137936,0.2970561998215879,15.709849108410928,0.0
2016,2015,Chronos_Small_US,58,-0.8343213486712298,48.62068965517241,50.0,0.07324125626749517,-4.929848942022408,0.0
2016,2015,Chronos_Small_Augmented,58,-1.9894594741964644,46.43678160919541,56.896551724137936,0.2996400996647083,15.041512787657583,0.0
2017,-,baseline:zero,41,0.0,,,,,0.0
2017,-,baseline:momentum,41,-12.449626702135607,52.926829268292686,56.09756097560976,-0.0775261324041812,-2.0152733257732267,0.0
2017,-,baseline:reversal,41,-8.039746010252147,47.073170731707314,43.90243902439025,0.0775261324041812,2.0152733257732267,0.0
2017,2016,TimesFM_20M_Global,41,-13.291963794708384,54.796747967479675,56.09756097560976,-0.1329268292682927,-4.533838271252531,0.0
2017,2016,TimesFM_20M_US,41,-16.02768834765311,51.54471544715447,51.21951219512195,-0.0745644599303136,-2.0152733257732267,0.0
2017,2016,TimesFM_20M_Augmented,41,-41.6544805210469,48.3739837398374,41.46341463414634,-0.10940766550522651,-3.649601833479857,0.0
2017,2016,Chronos_Small_Global,41,-5.2687550431616215,47.5609756097561,68.29268292682927,0.1618466898954704,6.286291910863062,0.0
2017,2016,Chronos_Small_US,41,0.231566523607718,46.91056910569106,75.60975609756098,0.25156794425087114,5.255960222476547,0.0
2017,2016,Chronos_Small_Augmented,41,-14.584584283747514,44.552845528455286,70.73170731707317,-0.024041811846689902,2.3638333477662887,0.0
2018,-,baseline:zero,62,0.0,,,,,0.0
2018,-,baseline:momentum,62,-5.0977526126848804,52.31182795698924,51.61290322580645,0.058900556520863234,3.396660715270474,0.0
2018,-,baseline:reversal,62,-6.944592600861088,47.68817204301075,48.38709677419355,-0.058900556520863234,-3.396660715270474,0.0
2018,2017,TimesFM_20M_Global,62,-7.639190789525507,52.68817204301075,54.83870967741935,0.03653899423333585,1.6440092801133022,0.0
2018,2017,TimesFM_20M_US,62,-5.710153825425812,53.97849462365591,53.2258064516129,0.03125078693560978,5.7339145676072505,0.0
2018,2017,TimesFM_20M_Augmented,62,-12.971726230214653,50.43010752688172,45.16129032258064,-0.0015864621893178213,-0.5033071210710116,0.0
2018,2017,Chronos_Small_Global,62,-0.3789714283338519,48.70967741935484,64.51612903225806,0.21165420160660775,2.837855107260597,0.0
2018,2017,Chronos_Small_US,62,-1.0469977939077113,47.473118279569896,67.74193548387096,0.18823499785953515,3.793612719030933,0.0
2018,2017,Chronos_Small_Augmented,62,-2.5916394747714344,45.75268817204301,62.903225806451616,0.07285135101105487,-1.3136885440070145,0.0
2019,-,baseline:zero,35,0.0,,,,,0.0
2019,-,baseline:momentum,35,-3.9812269376027,57.14285714285714,54.285714285714285,-0.05490196078431373,1.3665718359557557,0.0
2019,-,baseline:reversal,35,-2.8959465164377196,42.857142857142854,45.714285714285715,0.05490196078431373,-1.366571835955757,0.0
2019,2018,TimesFM_20M_Global,35,-7.4130948180493705,56.47619047619048,48.57142857142857,-0.06834733893557424,1.036115206214236,0.0
2019,2018,TimesFM_20M_US,35,-8.024419423683348,59.14285714285714,54.285714285714285,-0.17366946778711484,-5.686735867681953,0.0
2019,2018,TimesFM_20M_Augmented,35,-13.105538428853581,50.38095238095238,51.42857142857142,-0.09663865546218488,-1.4984552531436464,0.0
2019,2018,Chronos_Small_Global,35,0.18030956495314054,48.47619047619048,65.71428571428571,0.021288515406162466,0.7960825285612844,0.0
2019,2018,Chronos_Small_US,35,0.6199314193052308,47.23809523809524,65.71428571428571,0.09859943977591037,3.1352379733723534,0.0
2019,2018,Chronos_Small_Augmented,35,-0.17130998086971605,46.095238095238095,62.857142857142854,-0.08095238095238096,-2.8498144364927978,0.0
2020,-,baseline:zero,30,0.0,,,,,0.0
2020,-,baseline:momentum,30,-2.4459373283772567,52.44444444444445,53.333333333333336,0.5528364849833148,24.01836086257672,0.0
2020,-,baseline:reversal,30,-15.546118639091077,47.55555555555556,46.666666666666664,-0.5528364849833148,-24.018360862576714,0.0
2020,2019,TimesFM_20M_Global,30,-11.225705953890364,48.77777777777778,36.666666666666664,0.23559510567296996,14.676626338599014,0.0
2020,2019,TimesFM_20M_US,30,-9.142425031649593,50.33333333333333,60.0,0.34638487208008895,17.820792292127685,0.0
2020,2019,TimesFM_20M_Augmented,30,-6.6541430540597135,52.0,53.333333333333336,0.5150166852057843,24.01836086257672,0.0
2020,2019,Chronos_Small_Global,30,-31.708155160540308,52.0,36.666666666666664,0.0064516129032258064,4.420323300254745,0.0
2020,2019,Chronos_Small_US,30,-1.121207135266511,51.44444444444445,36.666666666666664,-0.05005561735261402,4.718327258852753,0.0
2020,2019,Chronos_Small_Augmented,30,-44.26442757543345,54.11111111111111,43.333333333333336,0.3325917686318131,13.721966337487329,0.0
2021,-,baseline:zero,29,0.0,,,,,0.0
2021,-,baseline:momentum,29,-11.977291309668159,53.9080459770115,51.724137931034484,-0.16600985221674872,-1.166588809850851,0.0
2021,-,baseline:reversal,29,-8.557693542763323,46.09195402298851,48.275862068965516,0.16600985221674872,1.166588809850851,0.0
2021,2020,TimesFM_20M_Global,29,-31.027663035229658,52.643678160919535,62.06896551724138,-0.15862068965517237,2.2969683296895043,0.0
2021,2020,TimesFM_20M_US,29,-30.901981473269192,51.14942528735632,51.724137931034484,-0.18669950738916252,-1.166588809850851,0.0
2021,2020,TimesFM_20M_Augmented,29,-19.589518135902175,49.6551724137931,48.275862068965516,-0.17290640394088666,2.392470363138477,0.0
2021,2020,Chronos_Small_Global,29,0.31722273138682366,48.96551724137931,68.96551724137932,0.01970443349753694,-5.809458118502995,0.0
2021,2020,Chronos_Small_US,29,-0.3529278475244535,46.89655172413793,65.51724137931035,0.12118226600985219,4.75544369442148,0.0
2021,2020,Chronos_Small_Augmented,29,-3.0454447766291137,42.298850574712645,62.06896551724138,-0.22315270935960585,-15.385722477291813,0.0
2022,-,baseline:zero,48,0.0,,,,,0.0
2022,-,baseline:momentum,48,-2.818880105425925,53.19444444444444,56.25,0.2003907946157186,18.649596394389327,0.0
2022,-,baseline:reversal,48,-6.2962130832825425,46.80555555555556,43.75,-0.2003907946157186,-18.649596394389327,0.0
2022,2021,TimesFM_20M_Global,48,-13.750723180096823,51.87500000000001,47.91666666666667,0.10323491098567086,5.401308337359893,0.0
2022,2021,TimesFM_20M_US,48,-13.90179725592211,53.125,56.25,0.19376899696048633,19.341435963308385,0.0
2022,2021,TimesFM_20M_Augmented,48,-15.724994267605164,49.861111111111114,62.5,0.29287885366912725,25.967550658864898,0.0
2022,2021,Chronos_Small_Global,48,-14.824547448080727,48.26388888888889,39.58333333333333,0.02518454190186713,0.8941207192009776,0.0
2022,2021,Chronos_Small_US,48,-1.4911329419808883,50.97222222222222,37.5,-0.1556665219279201,5.462669096708648,0.0
2022,2021,Chronos_Small_Augmented,48,-0.487498784876772,49.51388888888889,45.83333333333333,-0.0346287451150673,-1.159589224384319,0.0
2023,-,baseline:zero,41,0.0,,,,,0.0
2023,-,baseline:momentum,41,-8.489270966350526,51.300813008130085,29.268292682926827,-0.3973867595818817,-8.11800424032468,0.0
2023,-,baseline:reversal,41,-3.870382635188263,48.69918699186992,70.73170731707317,0.3973867595818817,8.11800424032468,0.0
2023,2022,TimesFM_20M_Global,41,-28.731617550913846,51.056910569105696,31.70731707317073,-0.37543554006968644,-5.808241352233899,0.0
2023,2022,TimesFM_20M_US,41,-18.86184832489446,50.97560975609756,31.70731707317073,-0.3977351916376307,-8.585144709574369,0.0
2023,2022,TimesFM_20M_Augmented,41,-34.138480579656786,48.94308943089431,34.146341463414636,-0.41724738675958195,-7.512719488511507,0.0
2023,2022,Chronos_Small_Global,41,0.10565368418548049,49.51219512195122,58.536585365853654,0.1595818815331011,5.243621063127547,0.0
2023,2022,Chronos_Small_US,41,0.11793526046062208,49.51219512195122,63.41463414634146,0.14285714285714288,6.0413415925378375,0.0
2023,2022,Chronos_Small_Augmented,41,0.2536872747744834,48.13008130081301,53.65853658536586,0.33188153310104535,14.862445983753844,0.0
2024,-,baseline:zero,66,0.0,,,,,0.0
2024,-,baseline:momentum,66,-6.342002988520901,51.41414141414141,54.54545454545454,-0.05145600667988729,-2.026863856677016,0.0
2024,-,baseline:reversal,66,-6.921367979960968,48.58585858585859,45.45454545454545,0.05145600667988729,2.026863856677016,0.0
2024,2023,TimesFM_20M_Global,66,-36.18224291149084,49.59595959595959,48.484848484848484,-0.039682705354347154,-0.5560838539553346,0.0
2024,2023,TimesFM_20M_US,66,-50.30845365427496,48.63636363636364,53.03030303030303,-0.035215530737918804,-1.6369389920761737,0.0
2024,2023,TimesFM_20M_Augmented,66,-132926.67712907254,49.19191919191919,,,,95.65656565656566
2024,2023,Chronos_Small_Global,66,-0.2851359629821859,48.73737373737374,65.15151515151516,0.3318442751278573,9.64302704065315,0.0
2024,2023,Chronos_Small_US,66,-0.04716339740074016,47.070707070707066,59.09090909090909,0.15194656090178482,5.062075569549521,0.0
2024,2023,Chronos_Small_Augmented,66,-20.868416075544836,45.05050505050505,62.121212121212125,0.16050516647531576,5.009048596900861,0.0
2025,-,baseline:zero,76,0.0,,,,,0.0
2025,-,baseline:momentum,76,-9.140125982942205,54.51754385964912,61.8421052631579,0.03715652768284347,2.0611240103940034,0.0
2025,-,baseline:reversal,76,-9.825148647011206,45.48245614035088,38.15789473684211,-0.03715652768284347,-2.0611240103940034,0.0
2025,2023,TimesFM_20M_Global,76,-40.73838980204314,50.13157894736842,57.89473684210527,-0.016896787423103212,1.2596861042121668,0.0
2025,2023,TimesFM_20M_US,76,-48.65472029054576,52.63157894736842,55.26315789473685,0.006561859193438141,2.042138218339093,0.0
2025,2023,TimesFM_20M_Augmented,76,-104410.05831965187,50.70175438596492,,,,96.44736842105263
2025,2023,Chronos_Small_Global,76,0.20902411503488372,50.48245614035088,59.210526315789465,0.07477785372522214,5.817798454106484,0.0
2025,2023,Chronos_Small_US,76,-0.4971635397453822,49.078947368421055,61.8421052631579,0.06627477785372522,-1.0768255485697522,0.0
2025,2023,Chronos_Small_Augmented,76,-8.809973208318489,48.24561403508772,63.1578947368421,-0.020478468899521533,-0.09013522625488687,0.0
