window,year,ckpt,model,n_obs,n_days,R2_OOS_%,acc_%,acc_up_%,acc_dn_%,macroF1_%,LS_ann_%,LS_sharpe,pred_std,LS_std_%,LS_bps_day,LS_maxdd_%,LS_maxdd1d_%,LS_skew,LS_kurt,long_ann_%,long_sharpe,short_ann_%,short_sharpe
5,2017,-,zero,163339,251,0.0,,,,,,,0.0,,,,,,,,,,
5,2017,2016,TimesFM_20M_US,163339,251,-35.19666650833497,46.74450070099609,25.146553216750352,74.25931572040245,45.01130836932285,-29.308287804600027,-1.9981056513451945,0.015855096339203095,14.668037090465495,-11.630272938333345,24.59172672406075,-2.849683864042163,0.18751873112288467,0.5143961283788254,5.904318652688477,0.47830060352962134,-35.21260645728851,-2.2561725106113624
5,2017,2016,TimesFM_20M_Global,163339,251,-22.50425495788473,47.43019119744825,44.88857008582948,54.5832946697244,48.42792216633932,-17.693174442934833,-1.1731777377344128,0.013662003278135628,15.081409980642048,-7.021100969418584,17.37035324958528,-2.8896211883875367,0.12134841852354082,0.5760052773259909,13.794928189710479,0.973321047870989,-31.48810263264531,-1.9145430945185833
5,2017,2016,TimesFM_20M_Augmented,163339,251,-64.90877200740029,48.24567310930029,83.54399069974522,14.915757519519598,42.04267898313392,-41.64362670716508,-2.687854808309598,0.02148343654633629,15.493257514662748,-16.525248693319476,39.06610715053813,-2.8038704372193024,-0.012653193112292216,0.06397932052638566,-0.12693180191526235,-0.00792406502676546,-41.51669490524982,-2.9315358167630263
5,2018,-,zero,172418,251,0.0,,,,,,,0.0,,,,,,,,,,
5,2018,2017,TimesFM_20M_US,172418,251,-20.864830801161528,50.714542565161416,39.6147575629491,60.9710644660931,49.911235652059716,-44.18318078454755,-2.0602502522697526,0.016902535641255052,21.445540771501655,-17.533008247836328,42.502677614146776,-5.33682387159247,1.0468827799246947,11.883163108802382,-27.143071307397925,-1.304642710325192,-17.04010947714963,-0.7503693937133803
5,2018,2017,TimesFM_20M_Global,172418,251,-21.91265700124041,50.664083796355364,42.89233741923797,57.845401894814366,50.21807151327926,-45.41358005728004,-2.1122535202531623,0.017442361663097795,21.50006124825255,-18.02126192749208,43.568703882093764,-5.63105805065814,1.0077704483201257,11.749845245539621,-26.210135854938688,-1.2350172861737594,-19.203444202341352,-0.8332036993740434
5,2018,2017,TimesFM_20M_Augmented,172418,251,-134.0465985509367,48.374299667088124,91.49205965823319,8.532244205639806,38.82734412692046,-43.5121879618287,-2.103783778288164,0.04057734386700585,20.68282321162981,-17.266741254693926,45.04080015259802,-4.0409247375214035,2.291963624601213,18.405491347499687,-35.23363044664433,-1.3981566415736761,-8.278557515184369,-0.4733212272739008
5,2019,-,zero,181017,252,0.0,,,,,,,0.0,,,,,,,,,,
5,2019,2018,TimesFM_20M_US,181017,252,-53.2730185930284,50.35770121038355,80.46704070359378,19.014330653617616,44.80209788320807,-17.15766336714825,-0.9292231850370717,0.02544859513471363,18.464523532593237,-6.808596574265179,32.92521031355179,-6.6268888112063,-0.2928471767310839,5.000896432309382,17.702879084276642,0.8575885408600763,-34.8605424514249,-1.6576904210854815
5,2019,2018,TimesFM_20M_Global,181017,252,-21.827278719562383,49.849461652772945,56.09145852739207,43.35163658093831,49.57569368481037,-27.052672442140818,-1.3705673655799797,0.017130243914156924,19.73830190440366,-10.735187477040006,36.713865749130235,-6.9887832421550735,-0.7518437068072008,5.427081108432381,13.05050263558445,0.6609468652697624,-40.10317507772526,-1.7201419988684603
5,2019,2018,TimesFM_20M_Augmented,181017,252,-40.48889334442472,50.04447096129093,74.22611182115547,24.871745723917872,46.51980215237813,-21.748801197249115,-1.1258344796518986,0.02235852422003994,19.31793846283134,-8.630476665575046,35.36644462541663,-6.496913921778792,-0.3201988840548088,4.032240902406312,12.264136512568971,0.5937309701814537,-34.01293770981809,-1.5735698244017586
5,2020,-,zero,190535,253,0.0,,,,,,,0.0,,,,,,,,,,
5,2020,2019,TimesFM_20M_US,190535,253,-18.588441236806453,48.72175715747763,42.95169112819535,56.024651661307615,48.88650194868037,-106.05862420588528,-2.2415475956748847,0.026585656931329794,47.31491064946724,-42.08675563725606,78.12554196878695,-15.851338463668268,-0.7964020900327408,4.267586928492199,37.57285785473899,0.8988487993857303,-143.63148206062428,-2.5316976901241053
5,2020,2019,TimesFM_20M_Global,190535,253,-18.055330996140984,48.451465609992916,48.671029502086114,49.68381564844587,48.810022304334545,-117.69332532852762,-2.463192798173697,0.026335026656334165,47.78080116821949,-46.7037005271935,78.06117477188502,-17.577450738826883,-1.0518392216482377,5.318344675773694,30.676380297759614,0.7294191225302599,-148.36970562628724,-2.612534582459102
5,2020,2019,TimesFM_20M_Augmented,190535,253,-94.77728307877999,49.19778518382449,91.22773577313255,8.133976420150054,38.979168438590726,-42.2419482592912,-1.0568574379524325,0.05562260844651238,39.96939108564276,-16.76267788067111,57.474985185555425,-11.950222989066418,-0.3306560354076074,2.695684434619727,65.00182719250319,1.375702231629917,-107.24377545179438,-2.2365173641318368
5,2021,-,zero,210816,252,0.0,,,,,,,0.0,,,,,,,,,,
5,2021,2020,TimesFM_20M_US,210816,252,-20.156655529646873,48.4375,41.49601658015325,57.286471550769654,48.59270368992142,-40.461818991095384,-1.2621580013302998,0.018029549133399575,32.05764963534605,-16.0562773774188,49.052977217697766,-10.311779352214216,-0.8482863138824838,4.414055943242153,21.03157501483162,0.7543205252652263,-61.49339400592698,-1.6738661581531762
5,2021,2020,TimesFM_20M_Global,210816,252,-22.9812112225096,48.37583485124469,48.47318084155686,49.968155674658775,48.78908123243468,-32.500901122009886,-1.037751239037877,0.01984483175800151,31.318585706669186,-12.897182984924559,50.54041680163384,-10.075012146778217,-0.8768144980734259,4.473781745351879,16.721830856507243,0.5640392629824857,-49.22273197851714,-1.3880046581572936
5,2021,2020,TimesFM_20M_Augmented,210816,252,-103.97446075966465,49.316465543412264,91.58252999448597,7.480966891699898,38.61651509119776,-36.86735910276605,-1.2562235956686356,0.03767594293899342,29.34776836693877,-14.629904405859547,56.528902870584204,-7.178659049986891,0.3260733539375881,2.65709116604188,14.884197217904083,0.42127095460082203,-51.75155632067015,-2.025483807456988
5,2022,-,zero,225028,251,0.0,,,,,,,0.0,,,,,,,,,,
5,2022,2021,TimesFM_20M_US,225028,251,-28.973385222711713,50.22130579305686,27.95820042216059,71.5081166745192,47.46081503479707,-8.038380319094493,-0.2599511115109441,0.019614115059972733,30.922661851192256,-3.189833459958132,38.354860812340476,-8.591649135518454,-0.7756889037239034,2.6898846360172635,-44.69678853213007,-1.5374859130983805,36.658408213035585,0.8017995395517712
5,2022,2021,TimesFM_20M_Global,225028,251,-31.384974374026363,49.17921325346179,40.230200573608336,58.3929412772519,48.795937944644784,-11.805399128854061,-0.40808754253965973,0.02138880019543998,28.92859472108674,-4.6846821939897065,32.580422039623755,-8.64254554774183,-0.7809070645450708,3.5704392609367033,-46.006649329169875,-1.4219275661659934,34.20125020031582,0.773496281421534
5,2022,2021,TimesFM_20M_Augmented,225028,251,-237.12796219997196,46.83283858008781,97.07516540933486,2.4242943418854668,33.89234786954773,-68.72999773512636,-2.2604800012852073,0.04672150530543916,30.40504569651117,-27.27380862505014,53.97122438852628,-5.729485863240584,0.32964082255701976,0.217555455312743,-60.87491465483027,-1.4254556008518282,-7.855083080296113,-0.34822330440885035
5,2023,-,zero,226803,249,0.0,,,,,,,0.0,,,,,,,,,,
5,2023,2022,TimesFM_20M_US,226803,249,-23.781825399147483,49.635145919586606,55.507053836907694,44.04153107081977,49.53182600876717,-51.37531925152864,-2.62398581995879,0.020562305741907032,19.579114666227696,-20.3870314490193,53.53674857471445,-5.142977111764983,-0.09456185384796591,1.3930753454632558,-12.307727878617145,-0.41984542910296346,-39.0675913729115,-1.4731983355029563
5,2023,2022,TimesFM_20M_Global,226803,249,-23.46947931738288,49.721123618294286,51.43110195302262,48.092187957366946,49.72005212219952,-48.093676008749625,-2.3850919469309164,0.02066777258654938,20.164285939011915,-19.084792066964138,53.95518373225426,-3.7080887639524085,0.24143345852664808,0.6047938425212558,-5.401613619245944,-0.17817899846412988,-42.69206238950368,-1.6662547087787414
5,2023,2022,TimesFM_20M_Augmented,226803,249,-25.16100847025109,49.959656618298695,36.45943478928865,62.82004924496789,48.90227529223891,-41.49319890248907,-2.1384079839274457,0.020634950202971868,19.403780389129384,-16.465555120035344,36.808994096772,-6.233796258575339,-0.7442420416109933,2.4166287111064335,-4.117716782509512,-0.15656125806999996,-37.37548211997957,-1.3398220558850247
21,2017,-,zero,162931,251,0.0,,,,,,,0.0,,,,,,,,,,
21,2017,2016,TimesFM_20M_US,162931,251,-27.646436590474053,46.7467823802714,9.299385164617217,91.2610648874239,38.58214709777497,14.593878332414304,0.9753740014403308,0.012132726818684943,14.962340918318084,5.791221560481867,12.576838413383285,-3.183717584559837,-0.4733390282866063,0.8085201661436128,24.561316554144074,2.5659810986644267,-9.967438221729761,-0.5857880744288935
21,2017,2016,TimesFM_20M_Global,162931,251,-7.5628704291637705,48.51501555873345,51.0548889329631,50.31898774555411,49.56172469211605,30.292035688080013,2.2959362862633204,0.008636632928918706,13.193761459896987,12.020649082571435,6.244726829507352,-2.3289082573627997,0.219291143368972,0.7101388000052098,36.05382294121653,2.438808826738051,-5.761787253136515,-0.4106659357681351
21,2017,2016,TimesFM_20M_Augmented,162931,251,-36.600820064451625,49.3429734059203,98.14557715192383,1.620191924293575,34.4462445656613,-4.27676772901965,-0.3027164394435416,0.014374037128772476,14.127966544801057,-1.6971300511982739,26.210858509633205,-2.657584308326477,0.1340890446585426,0.49575452510234586,19.774826830597988,1.1677977952120788,-24.051594559617634,-2.5649420294242176
21,2018,-,zero,171935,251,0.0,,,,,,,0.0,,,,,,,,,,
21,2018,2017,TimesFM_20M_US,171935,251,-6.044516056513483,51.053595835635555,38.61516847128358,62.54517785809397,50.0798625219347,41.35799452613039,2.3156314623528527,0.009539384492092465,17.860352650463483,16.411902589734282,7.718275082312576,-5.450119204792178,-1.204344704618175,4.955808919776665,9.416046413331305,0.48516270807400264,31.941948112799075,1.3620210571378877
21,2018,2017,TimesFM_20M_Global,171935,251,-6.6853906399617635,50.51385698083578,46.4937141196134,54.22797614385302,50.34335126990883,13.391331837795349,0.646654618095549,0.009834691300251571,20.708630949290868,5.31402057055371,15.961236580641469,-12.649914178658022,-3.943731021859842,35.85632591690544,-4.323713944781661,-0.21705812820147227,17.71504578257701,0.7069497939448224
21,2018,2017,TimesFM_20M_Augmented,171935,251,-88.91601795883118,48.02570738942042,99.96608773587191,0.03916346831675414,32.478472771276635,-10.657653978288192,-0.5114007983030814,0.029422280579497518,20.840119948291395,-4.22922776916198,29.375072040463547,-3.2514085481463035,1.598553851320556,9.638679586663976,-10.240912814179724,-0.3873230446577932,-0.41674116410846435,-0.03606494154553161
21,2019,-,zero,180707,252,0.0,,,,,,,0.0,,,,,,,,,,
21,2019,2018,TimesFM_20M_US,180707,252,-22.885354493480904,50.4501762521651,47.21447712453755,53.81887184584453,50.42429360304741,-2.984079919396401,-0.1555671184439841,0.018131587506658615,19.181945061680214,-1.184158698173175,23.644976732251287,-6.200048906212545,-1.2192039317371481,7.184848632880287,19.954856274058017,1.0434015628514755,-22.938936193454424,-0.9745432434125796
21,2019,2018,TimesFM_20M_Global,180707,252,-7.164610798815341,50.15909732329129,62.49769455263472,37.31334854406217,49.22026916643194,-37.57604439152406,-2.090033490548502,0.009586568744936503,17.97868051466617,-14.911128726795262,33.51944984604223,-6.824759932816152,-1.2551814930335699,5.251664855772891,-7.920957680492738,-0.46956280007921136,-29.65508671103132,-1.258424110985423
21,2019,2018,TimesFM_20M_Augmented,180707,252,-20.16798186511044,50.862999219731385,95.22853764117475,4.673910588022681,37.46774220863536,-66.9842392631968,-3.644912440849445,0.01383971296510788,18.377461832138323,-26.581047326665395,57.22145075826652,-5.03948259448508,-0.19936007856511082,2.2153471810431196,-15.806176206037364,-0.7725981390349546,-51.17806305715945,-2.7502736494186144
21,2020,-,zero,189842,253,0.0,,,,,,,0.0,,,,,,,,,,
21,2020,2019,TimesFM_20M_US,189842,253,-18.55197997732214,49.19775392168224,62.329713302021126,37.37507396051853,48.734813320860965,-17.727502524067525,-0.4945308617923332,0.026964775812717022,35.84711065315027,-7.034723223836321,46.57112633763415,-11.224710510106053,-0.6557505967905467,3.3610375678121125,67.63452201671204,1.5627465996599912,-85.36202454077959,-1.700763273997601
21,2020,2019,TimesFM_20M_Global,189842,253,-9.40225983390166,49.89991677289535,21.607548934180603,80.03550104889463,45.79646474141523,-23.6638589085877,-0.5974923774793192,0.016291912111103132,39.60529004306297,-9.390420201820515,50.43473395524794,-9.582194201553843,-0.209766332585715,2.244175235095831,73.56212788170183,2.0198547407590124,-97.22598679028955,-1.814849639197809
21,2020,2019,TimesFM_20M_Augmented,189842,253,-86.1136662039996,49.57490966171869,99.99787473699871,0.010757893604432252,33.15343654556892,55.077352127603504,1.6635356085346056,0.04665689779401687,33.10861026661201,21.856092114128376,23.051118516816793,-5.599051990856728,0.4945743099658521,1.766621647449206,81.99989534130681,1.7111767412101606,-26.92254321370331,-0.8931947622108782
21,2021,-,zero,209330,252,0.0,,,,,,,0.0,,,,,,,,,,
21,2021,2020,TimesFM_20M_US,209330,252,-7.44788980645974,49.85668561601299,55.21892290314552,46.06094095358383,50.139267619185965,63.458415581659736,2.436716144296748,0.011993264292978312,26.042596602885915,25.18191094510307,18.145496221952207,-6.561939194032192,-0.3740616054814003,1.2962543060809093,58.852300166377404,1.8554712548570864,4.606115415282338,0.14153736498358205
21,2021,2020,TimesFM_20M_Global,209330,252,-9.648866753134477,49.40476759184064,51.44448911607604,49.018195453110195,49.80443289357997,31.868098000440316,1.3205072704562253,0.013409288405378141,24.133224188481854,12.646070635095365,16.298762559064308,-5.7381474965582075,-0.3000882147914607,1.173239018095181,47.75318267172603,1.5624079363035335,-15.885084671285698,-0.4860356233757634
21,2021,2020,TimesFM_20M_Augmented,209330,252,-79.96744029504588,49.8992022165958,99.90044607814983,0.09077991790337858,33.36951412077819,12.830114962233296,0.35799508482868464,0.030855945760891963,35.83880200023706,5.091315461203689,45.66503113215267,-8.721503370716048,0.046484807403814235,1.523714977989492,39.81066374079765,0.9925438333765733,-26.98054877856434,-2.3279922407092988
21,2022,-,zero,224656,251,0.0,,,,,,,0.0,,,,,,,,,,
21,2022,2021,TimesFM_20M_US,224656,251,-12.719528895716836,50.41663699166726,29.507450801956548,70.48061988896231,47.998411684287866,10.09404131044743,0.3708572859863258,0.013227190910891619,27.21812862217737,4.005571948590251,32.68957253715254,-7.782500658008343,-0.43152321608781885,1.8624946960872308,-33.34152057690892,-1.0592039933621573,43.43556188735634,0.9807033751814798
21,2022,2021,TimesFM_20M_Global,224656,251,-13.110377807962003,48.83733352325333,45.831911424562996,52.65881222272755,48.95106166641052,-7.225505560358317,-0.2644135455473026,0.0136481166882206,27.32653331130383,-2.867264111253301,31.87762618904515,-8.441564787618733,-0.6919374103961039,4.176393894662601,-56.74897152026049,-1.7110521687930778,49.52346595990218,1.1365254276904346
21,2022,2021,TimesFM_20M_Augmented,224656,251,-151.93965846744598,46.95757068584859,99.99241648655823,0.007722869131692081,31.959886186523228,-57.25437804281585,-1.5071870045881914,0.029221538410541988,37.98757411556866,-22.719991286831686,51.20536564281109,-6.883874043607769,0.21699542630414348,0.1900484978429584,-62.70144154797776,-1.3955434485855465,5.447063505161898,0.3941346064273151
21,2023,-,zero,226777,249,0.0,,,,,,,0.0,,,,,,,,,,
21,2023,2022,TimesFM_20M_US,226777,249,-7.085142680536971,50.69958593684545,58.15542580306947,43.59689682191167,50.51876276142654,-13.932373612073008,-0.6596549600910984,0.011830418809706351,21.12069863030962,-5.528719687330558,20.47482889755613,-5.311608428019099,-0.8018022819892612,1.7475037649967424,20.127071089600413,0.7685160379221584,-34.05944470167342,-1.1413083692199832
21,2023,2022,TimesFM_20M_Global,226777,249,-18.26875901687042,49.402717206771406,78.00574847701513,22.154487295396034,45.515416568229234,-31.987078671942225,-1.6025071373627824,0.01706570047313609,19.960646618137872,-12.693285187278661,41.345373223521,-5.097461561236631,-0.2532446145172339,0.5698911493939409,3.508228960830639,0.11938630541872719,-35.49530763277287,-1.3673150451649319
21,2023,2022,TimesFM_20M_Augmented,226777,249,-30.146140578346326,49.804433430197946,80.5292937327139,20.534876312005444,45.27426115269109,13.496017445650217,0.6072211011428496,0.02154346533252035,22.225870313547063,5.355562478432626,10.063262941036255,-5.784372114390902,-0.6120438806830344,1.4955380236510134,28.983533746399225,1.030425821853898,-15.487516300749004,-0.5998915679661088
252,2017,-,zero,157903,251,0.0,,,,,,,0.0,,,,,,,,,,
252,2017,2016,TimesFM_20M_US,157903,251,-64.41548684254796,49.78119478413963,95.74190745166196,5.064838727402605,37.358020069213175,45.30942082854563,3.1303825796014255,0.021402139645464516,14.474084133931845,17.97992890021652,8.40361188742923,-2.4788231389561948,-0.23925214288463487,0.202947301433841,43.87972164173096,2.6083959114472766,1.4296991868146776,0.12362868920447617
252,2017,2016,TimesFM_20M_Global,157903,251,-3.137755610568105,49.60323743057447,62.33913943591776,40.584647508104844,49.92748409772647,61.159624442603274,4.155111064597475,0.0064587610352544724,14.71913108742091,24.269692239128283,6.457931992700083,-2.1548278657944815,0.050245048242620806,0.05439524115616745,56.88735927235937,3.7777254997108645,4.272265170243891,0.2858669896576168
252,2017,2016,TimesFM_20M_Augmented,157903,251,-106.3037278415822,49.56143961799332,99.84920320507086,0.17308643332051213,33.29413654547631,38.33912852384994,2.445568130010751,0.025137326776589624,15.676982396594042,15.213939890416645,16.382112082671576,-2.154667141462957,0.21133953891803475,0.3581054314316705,44.348659946825556,2.510451185737907,-6.009531422975603,-0.8115989474243954
252,2018,-,zero,165422,251,0.0,,,,,,,0.0,,,,,,,,,,
252,2018,2017,TimesFM_20M_US,165422,251,-2.8821151576102544,51.118956366142356,44.713792020106816,57.056158048621384,50.796090095866106,85.55183536826195,4.857223879022231,0.007465831254781388,17.613319356711166,33.94914101915157,5.246612226822355,-4.205671732933931,-0.20876245594312204,1.549582119296598,31.452961852357866,1.4568407069845166,54.0988735159041,2.4707180473980426
252,2018,2017,TimesFM_20M_Global,165422,251,-1.9785917187615576,50.63292669656998,60.0301602262017,41.9222570386851,50.381304244137695,65.81871597289566,2.9193560951904978,0.006187655391649397,22.545627812012693,26.118538084482406,16.504619272854594,-13.855563326399079,-3.9453218037374853,38.62686090484226,33.686811479999186,1.443526533020557,32.13190449289648,1.3473294329295034
252,2018,2017,TimesFM_20M_Augmented,165422,251,-83.60175313190375,48.11089214252034,99.91077599748664,0.09551877176837863,32.56663667763014,28.350663615195806,1.3264877854146107,0.029450429544779198,21.372728740456854,11.250263339363416,20.062591789385475,-2.8643626607266595,2.257562129132139,14.07043555675384,9.943671146793683,0.3913156833863686,18.40699246840212,1.4920006115338307
252,2019,-,zero,174985,252,0.0,,,,,,,0.0,,,,,,,,,,
252,2019,2018,TimesFM_20M_US,174985,252,-10.431655122523287,52.15647055461897,88.10141298515471,14.561143004127256,44.120519293507286,46.82242184985352,2.971400423282186,0.01124402137831541,15.757695086458204,18.580326130894257,9.076645007671203,-3.3815300613715524,0.15061187737060966,2.592648425965767,43.30715858724134,2.10531828739647,3.515263262612174,0.21398003078501143
252,2019,2018,TimesFM_20M_Global,174985,252,-1.355423178213,51.420978941052084,57.79712931497048,44.75207239649709,51.133259168142395,31.09901843757039,1.5283909787415972,0.005476749730768464,20.347554303922816,12.340880332369203,14.775785292331046,-7.048945533814035,-1.4336087728516018,6.273381724088356,39.96877707943978,2.095752576818757,-8.869758641869401,-0.38326803861886294
252,2019,2018,TimesFM_20M_Augmented,174985,252,-113.46820613189283,51.160385175872214,99.79543015560722,0.29229851863110756,34.10533180005111,21.028016150479395,1.3085845395542712,0.03293979997020592,16.069283653344964,8.344450853364838,19.83486552788447,-4.508346639522642,0.42187532099775704,4.1340008797211905,40.682071446301876,2.035821324332595,-19.654055295822474,-1.5888173321628158
252,2020,-,zero,183278,253,0.0,,,,,,,0.0,,,,,,,,,,
252,2020,2019,TimesFM_20M_US,183278,253,-4.784895385095167,50.69348203275897,83.30140696215074,19.184513545085387,45.41179484761122,108.3816025121546,2.689997599931277,0.015621233875687464,40.29059450273245,43.008572425458176,15.53351590815083,-7.7870811424165565,1.605250183720424,11.593068679955955,136.22278188666024,2.6747312503060874,-27.841179374505693,-0.6446655838305093
252,2020,2019,TimesFM_20M_Global,183278,253,-9.170310771732137,50.00927552679536,38.04522535614417,63.52339099961062,49.58775960178109,-17.007562728216314,-0.39243226784024277,0.018466917752388727,43.33884882050527,-6.749032828657266,38.98955992989571,-10.193461439634468,1.2399504019984942,8.177471149666022,94.71725074319508,1.655348581924764,-111.72481347141138,-2.7601188157097805
252,2020,2019,TimesFM_20M_Augmented,183278,253,-11.569287263197857,49.7130042885671,96.51231917563908,3.834900150191912,36.35482547974023,157.00574948357135,4.1803080733604085,0.019719677545275222,37.5584159655869,62.30386884268705,17.990043309836878,-8.3407296883644,0.9122489028772464,6.177476328198943,162.0791406684269,3.287702316288257,-5.07339118485555,-0.13424072987150235
252,2021,-,zero,192047,252,0.0,,,,,,,0.0,,,,,,,,,,
252,2021,2020,TimesFM_20M_US,192047,252,-44.728797437941495,50.18511093638537,98.69448714220431,1.4562374787273002,34.680674841936714,32.688413217914054,1.0352205430682342,0.021867319017758645,31.57627950565068,12.97159254679129,22.492234291760372,-5.28271957125587,0.3420082245058407,1.0214274311678002,63.22049985347504,1.6910413693119137,-30.532086635561,-1.666260728092764
252,2021,2020,TimesFM_20M_Global,192047,252,-11.13265713372391,50.31841163881759,95.45822774292716,5.088214385730596,37.562756960432495,44.18277937822762,1.4889106603461206,0.011678830622519823,29.67456715499414,17.53284895961414,16.281917306315464,-7.359381231819154,-0.1862817088906792,1.624729589750804,68.40852380532445,1.8395955094847911,-24.225744427096828,-1.1294710984512912
252,2021,2020,TimesFM_20M_Augmented,192047,252,-191.3389428871147,50.15959634881044,99.57209920651407,0.4933112169061416,33.843362782826325,40.501763738680665,1.4480017896733421,0.04523100581926274,27.9707967403946,16.072128467730423,26.278608390232307,-6.065326992225332,0.20732528914364085,0.6107250419155612,66.63392698023777,1.86433640449734,-26.132163241557112,-1.584661114258614
252,2022,-,zero,211408,251,0.0,,,,,,,0.0,,,,,,,,,,
252,2022,2021,TimesFM_20M_US,211408,251,-14.852711691328157,47.46130704609097,92.24132736074564,7.753168888767213,37.92306128727886,-8.7804497234267,-0.35210462646925633,0.01119278320236698,24.937047296063742,-3.4843054458042464,26.304764750619427,-5.883735089411353,0.004101718860655423,1.703857577683317,-40.13794490172627,-0.9622957611507215,31.35749517829957,1.048682152753072
252,2022,2021,TimesFM_20M_Global,211408,251,-13.188214888128048,47.1528986604102,89.69829058112207,9.468794772816455,38.73825363694598,-18.987097103749186,-0.7970154983107219,0.009921133337195744,23.82274515864802,-7.534562342757614,21.978598101840984,-6.854861722012536,-0.11322301448295907,1.9883667696852556,-41.124336329005565,-1.0252153670120114,22.137239225256387,0.7211699760226638
252,2022,2021,TimesFM_20M_Augmented,211408,251,-125.61966135018348,47.099920532808596,99.77100616676375,0.21445323550615528,32.2057365938662,-17.127897443166916,-0.5777979517391971,0.031737316178341524,29.643402839368324,-6.796784699669411,23.15932459668505,-6.489092480960716,0.3166876679280175,0.965289834128026,-33.68649531752485,-0.8129146818052143,16.55859787435794,0.919177960999115
252,2023,-,zero,224017,249,0.0,,,,,,,0.0,,,,,,,,,,
252,2023,2022,TimesFM_20M_US,224017,249,-10.714714389793922,49.01592289870858,98.18331353376588,2.061315856074424,34.633442619140816,40.07057546198489,1.8508372869474945,0.010275127254015607,21.649972012435274,15.90102200872416,10.515516899316369,-3.848374054279782,-0.02051840417711634,0.7222382572872297,44.458762638782574,1.5304209968091183,-4.3881871767977,-0.22251615911874106
252,2023,2022,TimesFM_20M_Global,224017,249,-6.92951661013228,49.949780597008264,79.23329982637303,21.984169233857244,45.86809759433213,-1.6780600798188658,-0.08319038583758862,0.009943735062380697,20.17132223782347,-0.6658968570709786,20.923206967768238,-4.932966764955495,-0.3776719930179181,0.9345360047547229,19.135381044853723,0.6762205335203336,-20.813441124672593,-0.7595075704328091
252,2023,2022,TimesFM_20M_Augmented,224017,249,-133.50497422846254,49.26635032162738,95.85214292241616,4.77715622190999,36.82367699767933,45.04623710468964,2.328029945988296,0.03534728112929793,19.349509306061183,17.875490914559382,9.010363296132306,-3.2486721923495483,-0.1283606815900439,-0.16177796079056028,40.769847812567285,1.4035891014387705,4.276389292122366,0.19595171005514825
512,2017,-,zero,153388,251,0.0,,,,,,,0.0,,,,,,,,,,
512,2017,2016,TimesFM_20M_US,153388,251,-4.98621748302881,49.73140010952617,52.13037192798002,51.839791598827745,50.81555391352318,79.70331660821424,5.409656801189456,0.0077017580743974495,14.733525533577168,31.628300241354854,5.283769283754425,-2.6053397408348595,0.06664032187313614,0.6452887705274017,62.17611347783089,4.356049647573715,17.52720313038335,1.1280513218183976
512,2017,2016,TimesFM_20M_Global,153388,251,-0.488730325672182,49.47453516572352,72.77303193586542,29.044497614429517,47.74989566956614,78.84199736573775,5.397648540547841,0.003670735905884165,14.606730462990758,31.28650689116578,4.798853012959947,-3.0118599331823743,-0.05555431107482586,0.6276150612035378,66.88574959743673,4.6594273374730015,11.95624776830103,0.7874036887126594
512,2017,2016,TimesFM_20M_Augmented,153388,251,-34.26604339368886,49.62252588207682,99.67932711262978,0.3808418161482593,33.506748910105,40.151645947428655,2.775701605571972,0.013571773118718093,14.465404302403343,15.933192836281213,11.95924350651577,-2.270908706341288,0.01880502613866041,0.4166815825433514,46.251071475662584,2.873438103194729,-6.09942552823393,-0.6417459362456706
512,2018,-,zero,159436,251,0.0,,,,,,,0.0,,,,,,,,,,
512,2018,2017,TimesFM_20M_US,159436,251,-3.29267818974317,50.93328984670965,56.64505039456208,45.62571089760654,50.86840473342744,90.9407833701242,4.178611668530452,0.007522669052510203,21.763396693454062,36.08761244846198,15.177812731295425,-13.299223568385296,-3.968970686113939,38.86001094047366,40.78749365129583,1.8706118265525604,50.153289718828375,2.082429147578437
512,2018,2017,TimesFM_20M_Global,159436,251,-1.8415349301807327,50.1881632755463,65.1418079537464,36.29268410735461,49.38921452759952,53.10427544784598,2.3974770234899605,0.005832574595151514,22.15006647719323,21.07312517771666,16.383076428773247,-13.46650671567336,-3.8660852449915994,36.45242576954102,18.637699590527824,0.8059939984126885,34.466575857318155,1.5064950779933464
512,2018,2017,TimesFM_20M_Augmented,159436,251,-11.32690912749197,48.44828018766151,90.91856134593849,8.983325669756297,39.12472223731055,30.894970196266126,1.9527256504478752,0.010348344599321725,15.821459706426293,12.259908808042114,8.922621894991067,-2.73096865677226,0.20420083376406964,0.331837567228467,13.433998460676039,0.6018294542346214,17.460971735590096,1.0368167422995873
512,2019,-,zero,166477,252,0.0,,,,,,,0.0,,,,,,,,,,
512,2019,2018,TimesFM_20M_US,166477,252,-0.6629736837398204,51.79394150543318,61.316655540330046,41.767578365847044,51.19231823634205,92.32331687340623,5.215392495871997,0.004867250954078213,17.702084156941307,36.63623685452628,5.630149238648208,-5.155448161508853,0.3098447434612242,8.950567884343029,73.7625343506187,3.83323762562153,18.56078252278754,0.9503139514933943
512,2019,2018,TimesFM_20M_Global,166477,252,-0.8890659798936662,51.825177051484594,60.73925722919083,42.439637951019805,51.290306282347075,65.90531723463295,3.58494120852249,0.004730404343142244,18.383932511349443,26.152903664536886,9.706615474321545,-4.502002258199024,0.697273723004346,6.831944034697793,62.48647831355524,2.9322080054709767,3.418838921077711,0.17665262854568894
512,2019,2018,TimesFM_20M_Augmented,166477,252,-74.15155878596642,51.384275305297436,99.5022428352248,0.7213850593138826,34.58055959634932,31.216684951220028,1.6560805107160042,0.02627958040592653,18.849738735059166,12.387573393341281,11.162514001409363,-2.3798618898140513,1.5507853053200777,9.06242684399985,42.38536841241589,1.9021236489691542,-11.168683461195856,-0.9365096633841092
512,2020,-,zero,176277,253,0.0,,,,,,,0.0,,,,,,,,,,
512,2020,2019,TimesFM_20M_US,176277,253,-2.743576804558545,50.61125387883841,63.09933562795166,39.393272992430376,50.23644439110211,70.61572994780127,1.7742964234193612,0.013095768611667707,39.799285517192864,28.0221150586513,16.423127640750835,-9.44341454743298,1.479923530318705,11.999273381123789,112.63314571634773,2.1842032215366225,-42.017415768546456,-0.9625225917980148
512,2020,2019,TimesFM_20M_Global,176277,253,-0.06918422394632806,50.74853781264714,67.0123840779408,35.71263223685733,49.84029166955845,73.437151377922,2.2072670765601847,0.007033865973941146,33.270623277889335,29.141726737270638,23.6503113643438,-8.823157723174877,0.4649783528913663,5.695970144215663,111.8037865455784,2.1445790238302833,-38.366635167656405,-0.9216000204586858
512,2020,2019,TimesFM_20M_Augmented,176277,253,-6.963542146500479,49.95490052587689,95.702736389521,5.053357716613811,37.37313247353043,170.4558135649025,4.1708461035661,0.015642387191998994,40.86840159821811,67.6411958590883,17.230319212772848,-11.381145450778462,1.0648220447114283,9.974916501697255,161.29692896545055,3.148882546719881,9.158884599451982,0.23275308261642158
512,2021,-,zero,183714,252,0.0,,,,,,,0.0,,,,,,,,,,
512,2021,2020,TimesFM_20M_US,183714,252,-4.012589199275496,50.59331351992772,57.68222963315864,44.756554307116104,50.69567297713324,40.11727614182148,1.4265570123880353,0.009198168515876515,28.12174753160812,15.919554024532331,31.82202062621,-8.002301000639088,-0.8376667945794872,4.225841071972868,72.41960325792824,2.1418087805379753,-32.30232711610676,-1.0404010267928323
512,2021,2020,TimesFM_20M_Global,183714,252,-1.227836796187498,51.179550823562714,65.98271904370047,37.323451107802,50.403521687271294,50.054142119330116,1.883504736297744,0.006000225123610537,26.57500199214661,19.862754809257982,31.424907354777165,-10.785700723489509,-1.6034965062030475,9.342783877701818,65.25727370675862,1.9945580185542515,-15.203131587428498,-0.4754874257881373
512,2021,2020,TimesFM_20M_Augmented,183714,252,-47.798836652947664,50.32441730080451,97.38403568798995,2.8349352466043953,35.86318905369562,30.519693863422727,1.0840727094726255,0.025959950356523882,28.152810781732345,12.110989628342352,24.461514179416245,-6.581560227385408,0.015236879575444527,2.6144825285445767,48.31620838583421,1.3225208935362887,-17.79651452241146,-0.9377033141988874
512,2022,-,zero,191701,251,0.0,,,,,,,0.0,,,,,,,,,,
512,2022,2021,TimesFM_20M_US,191701,251,-5.838342736769997,49.70918252904262,51.752431788605335,48.80330151554901,49.9566450880783,31.502865831082904,1.3808483932344764,0.008498388355853748,22.814138022271305,12.501137234556708,21.600201852863787,-7.179894033664216,-0.47151319235686256,2.9398596650384987,-17.018700571696552,-0.4583602189149816,48.52156640277946,1.4104741511482202
512,2022,2021,TimesFM_20M_Global,191701,251,-7.712668309784831,47.10564890115336,78.25947901272691,19.51546828648114,43.171008744561675,-27.144711677775728,-1.2984036645045396,0.007552657471345868,20.906219244331798,-10.771710983244336,27.553166760089255,-4.810247319963916,-0.2861768841174722,0.7194965127826101,-37.892875828814475,-1.0208997553232044,10.748164151038742,0.34282245689562485
512,2022,2021,TimesFM_20M_Augmented,191701,251,-222.85680681994927,47.313785530591915,99.85442353927256,0.16043428248541966,32.25828108336657,-35.89317987449362,-1.5283187363264772,0.04255667122074181,23.485401978888103,-14.243325347021276,33.78152695243713,-5.904711942314559,-0.09301835368882407,1.2240823270517711,-42.609130943659956,-1.1407536393629558,6.71595106916633,0.31915075810277077
512,2023,-,zero,209394,249,0.0,,,,,,,0.0,,,,,,,,,,
512,2023,2022,TimesFM_20M_US,209394,249,-5.133678738000302,50.71109964946464,50.61061119551245,50.80779683253678,50.70541814523368,42.84083982913135,2.04377805689163,0.00942974968541977,20.961591051764067,17.00033326552831,12.733527854153138,-5.42657775644509,-0.726229719618465,1.9165707671492855,63.079117009475894,2.595898648296807,-20.23827718034454,-0.6297180085810583
512,2023,2022,TimesFM_20M_Global,209394,249,-4.307074959252888,50.563530951221146,53.495189123914145,47.74247961765533,50.545619410208495,-2.321872880297828,-0.1130246747822729,0.008271240329881238,20.54306181168501,-0.9213781271023127,23.6352533784109,-7.660341253259828,-1.253692641285019,5.246843950059273,23.43515500151332,0.922454294844921,-25.757027881811148,-0.857835036353283
512,2023,2022,TimesFM_20M_Augmented,209394,249,-133.5522188319097,49.53914629836576,94.0536013400335,6.704151438478119,38.283164952232376,32.2771656669708,1.6980087334549085,0.03983584618315087,19.008833718597565,12.808399074194764,15.601432204628306,-4.766892362220625,-0.11030267408075298,1.200413886257369,49.28256175269993,1.875629570639613,-17.005396085729107,-0.7050580228957404
